student_id,dropout_probability,actual_dropout,risk_tier
STU2521,80.3,1,High Risk
STU1098,77.3,1,High Risk
STU1186,77.1,1,High Risk
STU1984,77.0,1,High Risk
STU2282,75.7,1,High Risk
STU1280,75.1,1,High Risk
STU1550,74.3,1,High Risk
STU2989,74.3,1,High Risk
STU1756,74.1,1,High Risk
STU2088,73.8,1,High Risk
STU1430,73.5,1,High Risk
STU2459,73.3,1,High Risk
STU2636,73.2,1,High Risk
STU2529,72.9,1,High Risk
STU2620,72.9,1,High Risk
STU1254,72.4,1,High Risk
STU1982,71.9,1,High Risk
STU1301,71.7,1,High Risk
STU2666,71.3,1,High Risk
STU2289,71.3,1,High Risk
STU2981,71.3,1,High Risk
STU2815,71.2,1,High Risk
STU2397,70.9,1,High Risk
STU1233,70.9,1,High Risk
STU2366,70.8,1,High Risk
STU1389,70.7,1,High Risk
STU2654,70.6,1,High Risk
STU2853,70.6,1,High Risk
STU1960,70.6,1,High Risk
STU2622,70.3,1,High Risk
STU2110,70.2,1,High Risk
STU2085,70.2,1,High Risk
STU2736,70.1,1,High Risk
STU1974,70.0,1,High Risk
STU1208,69.7,1,High Risk
STU2980,69.7,1,High Risk
STU1547,69.7,1,High Risk
STU2288,69.4,1,High Risk
STU1832,69.4,1,High Risk
STU1504,69.3,1,High Risk
STU1158,69.2,1,High Risk
STU1872,69.2,1,High Risk
STU1870,69.2,1,High Risk
STU1475,69.2,1,High Risk
STU1526,69.2,1,High Risk
STU2594,69.1,1,High Risk
STU1072,69.0,1,High Risk
STU1283,69.0,1,High Risk
STU2953,68.8,1,High Risk
STU1710,68.8,1,High Risk
STU1471,68.8,1,High Risk
STU2588,68.7,1,High Risk
STU1661,68.7,1,High Risk
STU1378,68.6,1,High Risk
STU1481,68.5,1,High Risk
STU1382,68.4,1,High Risk
STU1086,68.4,1,High Risk
STU1331,68.3,1,High Risk
STU2669,68.2,1,High Risk
STU1170,68.1,1,High Risk
STU1601,68.0,1,High Risk
STU2373,67.9,1,High Risk
STU1182,67.8,1,High Risk
STU2291,67.7,1,High Risk
STU2854,67.7,1,High Risk
STU2090,67.6,1,High Risk
STU2266,67.5,1,High Risk
STU1014,66.9,1,High Risk
STU2663,66.9,1,High Risk
STU1102,66.9,1,High Risk
STU1346,66.9,1,High Risk
STU1914,66.8,1,High Risk
STU2523,66.8,1,High Risk
STU2160,66.6,1,High Risk
STU1049,66.5,1,High Risk
STU1213,66.5,1,High Risk
STU1051,66.5,1,High Risk
STU1292,66.5,1,High Risk
STU1492,66.3,1,High Risk
STU1271,66.2,1,High Risk
STU1745,66.0,1,High Risk
STU2513,65.9,1,High Risk
STU1246,65.8,1,High Risk
STU2286,65.8,1,High Risk
STU1496,65.7,1,High Risk
STU2396,65.7,1,High Risk
STU1348,65.6,1,High Risk
STU1898,65.5,1,High Risk
STU1758,65.5,1,High Risk
STU1842,65.4,1,High Risk
STU1380,65.2,1,High Risk
STU2255,65.2,1,High Risk
STU1635,65.1,1,High Risk
STU2660,65.0,1,High Risk
STU1527,65.0,1,High Risk
STU1578,64.9,1,High Risk
STU1473,64.9,1,High Risk
STU1126,64.9,1,High Risk
STU2348,64.8,0,High Risk
STU1671,64.8,1,High Risk
STU2371,64.8,1,High Risk
STU2795,64.7,1,High Risk
STU1757,64.7,1,High Risk
STU2643,64.7,1,High Risk
STU1229,64.6,1,High Risk
STU2694,64.6,1,High Risk
STU1146,64.6,1,High Risk
STU1429,64.5,1,High Risk
STU1933,64.5,1,High Risk
STU2462,64.4,1,High Risk
STU2248,64.3,1,High Risk
STU1147,64.3,1,High Risk
STU1628,64.2,1,High Risk
STU2922,64.2,1,High Risk
STU1400,64.2,0,High Risk
STU2486,64.1,1,High Risk
STU2259,64.0,1,High Risk
STU2630,64.0,1,High Risk
STU1017,63.8,1,High Risk
STU1781,63.8,1,High Risk
STU2825,63.8,1,High Risk
STU2864,63.7,1,High Risk
STU1789,63.6,1,High Risk
STU1864,63.5,1,High Risk
STU2391,63.4,1,High Risk
STU1522,63.4,1,High Risk
STU2841,63.3,1,High Risk
STU1052,63.1,1,High Risk
STU1290,63.0,1,High Risk
STU1266,62.9,1,High Risk
STU2605,62.8,0,High Risk
STU2350,62.8,1,High Risk
STU1415,62.6,1,High Risk
STU2914,62.5,1,High Risk
STU1775,62.5,1,High Risk
STU1165,62.5,1,High Risk
STU1130,62.5,1,High Risk
STU1077,62.5,1,High Risk
STU1648,62.4,1,High Risk
STU2063,62.4,1,High Risk
STU1472,62.3,1,High Risk
STU1411,62.1,1,High Risk
STU1004,62.1,1,High Risk
STU2680,62.0,1,High Risk
STU1293,61.9,1,High Risk
STU2790,61.6,1,High Risk
STU2389,61.6,1,High Risk
STU2571,61.5,1,High Risk
STU1755,61.4,1,High Risk
STU2850,61.3,1,High Risk
STU1426,61.2,1,High Risk
STU2148,61.1,1,High Risk
STU2969,61.0,1,High Risk
STU1840,60.9,1,High Risk
STU2031,60.8,0,High Risk
STU2722,60.7,1,High Risk
STU2682,60.7,1,High Risk
STU2665,60.5,1,High Risk
STU2258,60.5,1,High Risk
STU1494,60.5,0,High Risk
STU2716,60.4,1,High Risk
STU2137,60.2,1,High Risk
STU2797,60.2,1,High Risk
STU2886,60.2,1,High Risk
STU2424,60.1,0,High Risk
STU1006,60.0,1,High Risk
STU2058,59.9,1,High Risk
STU2510,59.8,1,High Risk
STU2192,59.8,0,High Risk
STU2329,59.7,1,High Risk
STU1139,59.7,1,High Risk
STU1401,59.6,1,High Risk
STU1189,59.6,0,High Risk
STU1447,59.6,1,High Risk
STU1502,59.5,1,High Risk
STU1205,59.4,1,High Risk
STU2887,59.3,1,High Risk
STU2936,59.2,0,High Risk
STU2662,59.2,1,High Risk
STU2595,59.2,1,High Risk
STU1092,59.1,1,High Risk
STU2551,59.1,0,High Risk
STU2220,59.1,0,High Risk
STU2697,59.1,0,High Risk
STU2978,59.0,1,High Risk
STU1885,58.9,1,High Risk
STU1132,58.9,1,High Risk
STU2211,58.8,1,High Risk
STU1831,58.7,0,High Risk
STU1265,58.7,1,High Risk
STU1419,58.6,1,High Risk
STU1223,58.6,1,High Risk
STU2325,58.6,1,High Risk
STU1807,58.5,1,High Risk
STU2284,58.5,1,High Risk
STU1896,58.4,1,High Risk
STU2916,58.4,1,High Risk
STU2979,58.1,1,High Risk
STU2844,58.1,1,High Risk
STU2528,57.9,1,High Risk
STU2165,57.9,1,High Risk
STU2737,57.9,1,High Risk
STU2882,57.8,0,High Risk
STU2414,57.7,1,High Risk
STU2320,57.7,1,High Risk
STU1970,57.7,1,High Risk
STU2810,57.7,1,High Risk
STU1654,57.6,1,High Risk
STU2120,57.6,1,High Risk
STU2089,57.5,1,High Risk
STU2591,57.5,0,High Risk
STU2585,57.4,1,High Risk
STU1882,57.3,1,High Risk
STU1033,57.3,0,High Risk
STU1022,57.3,1,High Risk
STU2367,57.2,1,High Risk
STU1247,57.1,1,High Risk
STU1436,57.1,1,High Risk
STU1214,57.1,0,High Risk
STU1245,57.0,1,High Risk
STU1112,56.9,1,High Risk
STU2604,56.9,1,High Risk
STU2105,56.9,0,High Risk
STU1592,56.9,1,High Risk
STU1416,56.7,1,High Risk
STU2316,56.7,1,High Risk
STU1639,56.7,1,High Risk
STU2082,56.5,0,High Risk
STU2729,56.5,1,High Risk
STU1676,56.2,1,High Risk
STU2985,56.2,1,High Risk
STU1193,56.1,0,High Risk
STU1222,56.1,1,High Risk
STU1534,56.0,1,High Risk
STU1089,56.0,1,High Risk
STU2964,56.0,1,High Risk
STU1731,55.9,1,High Risk
STU2817,55.9,1,High Risk
STU2807,55.9,1,High Risk
STU2799,55.6,0,High Risk
STU1281,55.6,0,High Risk
STU2131,55.6,1,High Risk
STU2207,55.6,1,High Risk
STU2372,55.5,0,High Risk
STU2351,55.4,1,High Risk
STU2544,55.4,1,High Risk
STU2363,55.4,1,High Risk
STU1868,55.4,1,High Risk
STU2016,55.4,0,High Risk
STU2401,55.3,1,High Risk
STU2379,55.2,0,High Risk
STU1349,55.2,1,High Risk
STU2261,55.2,1,High Risk
STU2399,55.0,0,High Risk
STU2684,55.0,1,High Risk
STU1711,55.0,1,High Risk
STU1267,54.9,0,Medium Risk
STU2295,54.8,1,Medium Risk
STU1506,54.7,1,Medium Risk
STU2610,54.7,1,Medium Risk
STU1565,54.7,1,Medium Risk
STU2836,54.5,0,Medium Risk
STU2570,54.5,0,Medium Risk
STU2344,54.4,1,Medium Risk
STU1777,54.3,1,Medium Risk
STU1446,54.2,1,Medium Risk
STU1358,54.1,1,Medium Risk
STU2107,54.1,0,Medium Risk
STU2009,54.1,1,Medium Risk
STU2138,54.0,0,Medium Risk
STU1675,54.0,0,Medium Risk
STU2092,53.9,1,Medium Risk
STU2249,53.9,1,Medium Risk
STU2280,53.8,1,Medium Risk
STU1716,53.8,0,Medium Risk
STU1025,53.8,1,Medium Risk
STU1097,53.7,0,Medium Risk
STU1684,53.6,1,Medium Risk
STU1797,53.6,0,Medium Risk
STU1952,53.5,1,Medium Risk
STU1099,53.5,1,Medium Risk
STU1484,53.5,0,Medium Risk
STU1704,53.5,1,Medium Risk
STU2791,53.5,1,Medium Risk
STU1083,53.5,0,Medium Risk
STU1886,53.4,1,Medium Risk
STU1969,53.4,0,Medium Risk
STU2653,53.4,1,Medium Risk
STU1227,53.3,0,Medium Risk
STU1410,53.3,1,Medium Risk
STU2146,53.3,0,Medium Risk
STU2175,53.3,0,Medium Risk
STU1325,53.2,0,Medium Risk
STU1307,53.2,1,Medium Risk
STU2229,53.1,1,Medium Risk
STU2768,53.0,1,Medium Risk
STU1294,53.0,1,Medium Risk
STU1529,53.0,0,Medium Risk
STU2425,52.9,0,Medium Risk
STU1827,52.8,0,Medium Risk
STU1058,52.8,1,Medium Risk
STU2651,52.8,0,Medium Risk
STU2154,52.7,0,Medium Risk
STU1309,52.7,1,Medium Risk
STU1899,52.6,1,Medium Risk
STU2573,52.4,0,Medium Risk
STU2562,52.3,0,Medium Risk
STU2257,52.3,0,Medium Risk
STU2262,52.3,0,Medium Risk
STU1634,52.3,0,Medium Risk
STU1536,52.2,1,Medium Risk
STU1935,52.1,1,Medium Risk
STU1499,52.1,0,Medium Risk
STU1303,52.1,1,Medium Risk
STU2268,52.0,0,Medium Risk
STU1018,52.0,1,Medium Risk
STU1478,52.0,1,Medium Risk
STU1844,52.0,1,Medium Risk
STU2419,52.0,1,Medium Risk
STU1347,51.9,0,Medium Risk
STU2184,51.8,0,Medium Risk
STU2553,51.8,0,Medium Risk
STU2185,51.8,1,Medium Risk
STU2621,51.7,0,Medium Risk
STU2554,51.7,1,Medium Risk
STU2473,51.6,1,Medium Risk
STU1512,51.6,1,Medium Risk
STU2318,51.6,0,Medium Risk
STU2649,51.6,1,Medium Risk
STU1406,51.5,0,Medium Risk
STU2300,51.5,0,Medium Risk
STU1991,51.5,0,Medium Risk
STU1752,51.4,0,Medium Risk
STU2205,51.4,1,Medium Risk
STU1021,51.4,1,Medium Risk
STU2475,51.4,1,Medium Risk
STU1905,51.3,1,Medium Risk
STU2994,51.2,0,Medium Risk
STU1573,51.2,1,Medium Risk
STU2516,51.0,0,Medium Risk
STU1288,50.9,1,Medium Risk
STU2070,50.9,1,Medium Risk
STU2674,50.9,1,Medium Risk
STU2928,50.9,0,Medium Risk
STU1703,50.9,0,Medium Risk
STU2759,50.8,0,Medium Risk
STU1938,50.8,0,Medium Risk
STU1973,50.8,0,Medium Risk
STU2937,50.8,1,Medium Risk
STU2505,50.8,0,Medium Risk
STU1326,50.7,0,Medium Risk
STU2966,50.7,1,Medium Risk
STU1376,50.7,1,Medium Risk
STU2601,50.7,0,Medium Risk
STU2385,50.6,0,Medium Risk
STU1743,50.6,1,Medium Risk
STU2358,50.6,0,Medium Risk
STU2342,50.6,0,Medium Risk
STU1442,50.5,0,Medium Risk
STU1607,50.5,0,Medium Risk
STU2413,50.5,1,Medium Risk
STU2100,50.4,0,Medium Risk
STU2906,50.3,0,Medium Risk
STU2077,50.3,0,Medium Risk
STU2925,50.2,0,Medium Risk
STU2388,50.2,1,Medium Risk
STU1790,50.2,1,Medium Risk
STU2045,50.2,0,Medium Risk
STU2712,50.1,0,Medium Risk
STU1166,50.0,0,Medium Risk
STU1695,49.9,1,Medium Risk
STU2878,49.9,0,Medium Risk
STU1906,49.9,0,Medium Risk
STU1359,49.8,0,Medium Risk
STU1375,49.8,0,Medium Risk
STU1754,49.8,0,Medium Risk
STU1694,49.7,0,Medium Risk
STU1749,49.6,0,Medium Risk
STU2590,49.6,0,Medium Risk
STU1763,49.5,1,Medium Risk
STU2824,49.4,1,Medium Risk
STU1946,49.4,0,Medium Risk
STU2439,49.3,1,Medium Risk
STU2059,49.1,1,Medium Risk
STU1813,49.1,0,Medium Risk
STU2376,49.0,1,Medium Risk
STU2919,49.0,1,Medium Risk
STU1482,49.0,0,Medium Risk
STU2778,49.0,1,Medium Risk
STU2170,48.9,0,Medium Risk
STU2378,48.9,0,Medium Risk
STU2657,48.9,1,Medium Risk
STU1513,48.9,0,Medium Risk
STU2568,48.9,0,Medium Risk
STU2752,48.9,0,Medium Risk
STU1599,48.9,0,Medium Risk
STU2196,48.9,0,Medium Risk
STU2741,48.9,0,Medium Risk
STU2762,48.8,0,Medium Risk
STU1848,48.8,0,Medium Risk
STU2822,48.8,1,Medium Risk
STU2264,48.8,0,Medium Risk
STU2945,48.7,0,Medium Risk
STU1117,48.7,0,Medium Risk
STU1646,48.7,0,Medium Risk
STU1300,48.7,0,Medium Risk
STU2623,48.6,0,Medium Risk
STU1653,48.6,0,Medium Risk
STU1856,48.6,0,Medium Risk
STU1692,48.6,0,Medium Risk
STU1026,48.6,1,Medium Risk
STU2785,48.6,0,Medium Risk
STU2278,48.6,0,Medium Risk
STU1548,48.5,1,Medium Risk
STU2365,48.5,0,Medium Risk
STU1360,48.5,0,Medium Risk
STU2808,48.4,0,Medium Risk
STU2314,48.4,1,Medium Risk
STU1606,48.3,1,Medium Risk
STU2812,48.3,0,Medium Risk
STU2645,48.2,1,Medium Risk
STU2162,48.2,0,Medium Risk
STU2212,48.2,0,Medium Risk
STU1262,48.2,1,Medium Risk
STU2997,48.1,0,Medium Risk
STU1811,48.1,1,Medium Risk
STU2014,48.1,0,Medium Risk
STU2512,48.1,0,Medium Risk
STU1810,48.1,0,Medium Risk
STU1463,48.1,0,Medium Risk
STU2976,48.1,0,Medium Risk
STU2673,48.0,0,Medium Risk
STU1263,47.9,0,Medium Risk
STU2406,47.9,0,Medium Risk
STU2108,47.9,0,Medium Risk
STU1180,47.9,0,Medium Risk
STU2540,47.9,0,Medium Risk
STU1531,47.9,1,Medium Risk
STU1029,47.9,0,Medium Risk
STU2982,47.9,1,Medium Risk
STU2197,47.8,1,Medium Risk
STU2287,47.8,0,Medium Risk
STU2786,47.7,0,Medium Risk
STU2271,47.6,1,Medium Risk
STU2113,47.5,0,Medium Risk
STU1514,47.5,1,Medium Risk
STU2193,47.4,0,Medium Risk
STU2467,47.4,1,Medium Risk
STU1722,47.3,0,Medium Risk
STU1172,47.3,0,Medium Risk
STU1384,47.2,1,Medium Risk
STU1124,47.2,0,Medium Risk
STU2169,47.2,0,Medium Risk
STU1101,47.2,0,Medium Risk
STU2557,47.1,0,Medium Risk
STU2951,47.1,0,Medium Risk
STU2781,47.1,1,Medium Risk
STU1778,47.0,0,Medium Risk
STU1753,47.0,1,Medium Risk
STU2907,47.0,1,Medium Risk
STU2152,46.9,0,Medium Risk
STU1230,46.9,0,Medium Risk
STU1659,46.9,1,Medium Risk
STU1194,46.8,1,Medium Risk
STU2504,46.8,1,Medium Risk
STU2081,46.7,1,Medium Risk
STU1668,46.7,1,Medium Risk
STU2210,46.6,0,Medium Risk
STU1947,46.5,0,Medium Risk
STU1203,46.5,1,Medium Risk
STU2763,46.5,0,Medium Risk
STU2775,46.4,0,Medium Risk
STU2910,46.4,0,Medium Risk
STU1187,46.3,1,Medium Risk
STU2043,46.2,0,Medium Risk
STU2644,46.2,0,Medium Risk
STU1155,46.2,0,Medium Risk
STU2079,46.2,1,Medium Risk
STU1289,46.2,1,Medium Risk
STU1435,46.2,1,Medium Risk
STU1250,46.2,0,Medium Risk
STU1922,46.1,0,Medium Risk
STU1424,46.1,0,Medium Risk
STU2753,46.1,0,Medium Risk
STU2880,46.1,0,Medium Risk
STU1023,46.0,0,Medium Risk
STU1782,46.0,0,Medium Risk
STU1642,46.0,0,Medium Risk
STU1718,46.0,0,Medium Risk
STU2868,46.0,0,Medium Risk
STU1852,46.0,0,Medium Risk
STU2474,45.9,0,Medium Risk
STU1909,45.9,1,Medium Risk
STU1062,45.9,0,Medium Risk
STU1833,45.9,1,Medium Risk
STU1904,45.8,1,Medium Risk
STU1134,45.8,0,Medium Risk
STU1053,45.8,1,Medium Risk
STU2845,45.7,0,Medium Risk
STU1138,45.7,1,Medium Risk
STU2631,45.7,0,Medium Risk
STU1037,45.6,0,Medium Risk
STU1081,45.6,0,Medium Risk
STU1558,45.5,1,Medium Risk
STU2930,45.5,0,Medium Risk
STU2132,45.5,0,Medium Risk
STU2489,45.5,1,Medium Risk
STU2231,45.4,0,Medium Risk
STU1452,45.4,0,Medium Risk
STU1156,45.4,0,Medium Risk
STU2677,45.4,0,Medium Risk
STU1613,45.4,1,Medium Risk
STU1100,45.4,0,Medium Risk
STU2874,45.4,0,Medium Risk
STU2834,45.4,0,Medium Risk
STU1355,45.3,0,Medium Risk
STU2626,45.3,0,Medium Risk
STU1398,45.3,0,Medium Risk
STU1437,45.3,0,Medium Risk
STU2796,45.3,0,Medium Risk
STU2218,45.3,0,Medium Risk
STU1001,45.2,1,Medium Risk
STU1566,45.2,0,Medium Risk
STU1799,45.1,0,Medium Risk
STU1555,45.1,0,Medium Risk
STU1344,45.1,0,Medium Risk
STU2794,45.1,0,Medium Risk
STU1975,45.1,0,Medium Risk
STU1537,45.1,0,Medium Risk
STU1618,45.0,1,Medium Risk
STU1142,45.0,0,Medium Risk
STU1719,45.0,1,Medium Risk
STU2166,45.0,0,Medium Risk
STU2228,45.0,1,Medium Risk
STU2487,44.9,0,Medium Risk
STU2114,44.9,1,Medium Risk
STU1839,44.9,0,Medium Risk
STU2191,44.8,0,Medium Risk
STU2543,44.8,0,Medium Risk
STU1730,44.8,0,Medium Risk
STU1432,44.7,0,Medium Risk
STU1760,44.7,0,Medium Risk
STU1546,44.7,1,Medium Risk
STU2050,44.7,0,Medium Risk
STU2744,44.7,0,Medium Risk
STU2442,44.7,0,Medium Risk
STU1846,44.7,1,Medium Risk
STU1201,44.7,0,Medium Risk
STU1354,44.6,0,Medium Risk
STU1329,44.6,0,Medium Risk
STU2565,44.5,0,Medium Risk
STU1925,44.5,0,Medium Risk
STU2242,44.5,0,Medium Risk
STU2303,44.5,0,Medium Risk
STU1174,44.4,0,Medium Risk
STU1333,44.4,0,Medium Risk
STU1405,44.4,1,Medium Risk
STU2013,44.4,0,Medium Risk
STU2818,44.4,0,Medium Risk
STU1340,44.4,0,Medium Risk
STU2656,44.4,1,Medium Risk
STU1491,44.3,0,Medium Risk
STU2423,44.3,0,Medium Risk
STU2926,44.3,0,Medium Risk
STU1545,44.3,0,Medium Risk
STU2003,44.2,0,Medium Risk
STU1458,44.1,0,Medium Risk
STU1013,44.1,0,Medium Risk
STU1439,44.1,0,Medium Risk
STU2390,44.1,0,Medium Risk
STU1160,44.1,0,Medium Risk
STU2526,44.1,0,Medium Risk
STU2802,44.1,0,Medium Risk
STU1557,44.0,1,Medium Risk
STU2947,44.0,1,Medium Risk
STU2804,44.0,0,Medium Risk
STU1803,44.0,0,Medium Risk
STU2147,44.0,0,Medium Risk
STU2046,44.0,0,Medium Risk
STU1295,44.0,0,Medium Risk
STU1163,44.0,0,Medium Risk
STU1444,43.9,0,Medium Risk
STU2002,43.9,0,Medium Risk
STU1221,43.9,0,Medium Risk
STU1390,43.9,0,Medium Risk
STU1742,43.8,0,Medium Risk
STU2405,43.8,0,Medium Risk
STU2468,43.8,0,Medium Risk
STU2076,43.8,0,Medium Risk
STU1507,43.8,0,Medium Risk
STU1371,43.7,0,Medium Risk
STU1240,43.7,0,Medium Risk
STU2596,43.7,1,Medium Risk
STU1748,43.7,0,Medium Risk
STU1867,43.7,0,Medium Risk
STU1936,43.7,0,Medium Risk
STU2194,43.7,0,Medium Risk
STU1798,43.7,0,Medium Risk
STU2659,43.6,1,Medium Risk
STU1497,43.6,0,Medium Risk
STU1992,43.6,0,Medium Risk
STU1084,43.6,0,Medium Risk
STU2483,43.6,0,Medium Risk
STU2445,43.5,0,Medium Risk
STU2640,43.5,0,Medium Risk
STU2776,43.5,0,Medium Risk
STU1011,43.4,0,Medium Risk
STU2437,43.4,1,Medium Risk
STU2478,43.4,0,Medium Risk
STU1626,43.4,0,Medium Risk
STU2599,43.3,0,Medium Risk
STU2542,43.3,0,Medium Risk
STU1673,43.3,0,Medium Risk
STU2679,43.3,0,Medium Risk
STU1919,43.3,0,Medium Risk
STU1185,43.2,1,Medium Risk
STU2206,43.2,0,Medium Risk
STU1161,43.2,0,Medium Risk
STU1900,43.2,0,Medium Risk
STU2973,43.2,0,Medium Risk
STU1544,43.1,0,Medium Risk
STU1787,43.1,0,Medium Risk
STU2214,43.1,0,Medium Risk
STU2515,43.1,0,Medium Risk
STU1768,43.0,0,Medium Risk
STU2446,43.0,0,Medium Risk
STU1486,43.0,0,Medium Risk
STU2899,42.9,0,Medium Risk
STU2321,42.9,0,Medium Risk
STU1838,42.8,0,Medium Risk
STU2683,42.8,0,Medium Risk
STU1971,42.8,1,Medium Risk
STU1490,42.8,0,Medium Risk
STU2843,42.8,0,Medium Risk
STU1804,42.8,1,Medium Risk
STU2441,42.7,0,Medium Risk
STU2028,42.7,0,Medium Risk
STU1336,42.7,0,Medium Risk
STU1402,42.7,0,Medium Risk
STU2179,42.7,0,Medium Risk
STU2956,42.7,0,Medium Risk
STU2572,42.6,0,Medium Risk
STU1678,42.6,0,Medium Risk
STU2285,42.6,0,Medium Risk
STU2427,42.6,0,Medium Risk
STU2787,42.6,0,Medium Risk
STU1638,42.6,0,Medium Risk
STU1195,42.6,0,Medium Risk
STU1016,42.5,0,Medium Risk
STU2632,42.5,0,Medium Risk
STU1805,42.5,0,Medium Risk
STU1903,42.4,1,Medium Risk
STU2838,42.4,0,Medium Risk
STU2735,42.4,0,Medium Risk
STU2552,42.4,0,Medium Risk
STU1038,42.4,0,Medium Risk
STU1420,42.3,0,Medium Risk
STU2202,42.3,0,Medium Risk
STU2949,42.3,1,Medium Risk
STU1937,42.3,0,Medium Risk
STU2466,42.3,1,Medium Risk
STU1815,42.3,0,Medium Risk
STU2440,42.3,1,Medium Risk
STU1658,42.3,0,Medium Risk
STU2243,42.2,0,Medium Risk
STU1220,42.2,0,Medium Risk
STU1515,42.2,0,Medium Risk
STU2055,42.1,0,Medium Risk
STU2269,42.1,0,Medium Risk
STU1372,42.1,0,Medium Risk
STU2458,42.1,1,Medium Risk
STU1350,42.0,0,Medium Risk
STU2616,42.0,0,Medium Risk
STU2655,42.0,0,Medium Risk
STU1171,42.0,0,Medium Risk
STU1685,42.0,0,Medium Risk
STU2999,41.9,0,Medium Risk
STU2917,41.9,1,Medium Risk
STU2021,41.9,0,Medium Risk
STU2539,41.8,0,Medium Risk
STU2145,41.8,0,Medium Risk
STU2336,41.8,0,Medium Risk
STU1595,41.8,0,Medium Risk
STU2416,41.8,0,Medium Risk
STU2821,41.7,0,Medium Risk
STU2915,41.7,0,Medium Risk
STU2453,41.7,0,Medium Risk
STU2201,41.7,0,Medium Risk
STU2265,41.7,0,Medium Risk
STU2149,41.6,0,Medium Risk
STU2861,41.6,0,Medium Risk
STU1857,41.5,1,Medium Risk
STU1453,41.5,0,Medium Risk
STU1585,41.5,0,Medium Risk
STU1457,41.5,0,Medium Risk
STU1104,41.5,0,Medium Risk
STU2676,41.5,1,Medium Risk
STU1615,41.5,1,Medium Risk
STU1517,41.5,0,Medium Risk
STU2511,41.5,0,Medium Risk
STU2034,41.4,0,Medium Risk
STU2650,41.4,0,Medium Risk
STU2560,41.4,0,Medium Risk
STU2819,41.4,0,Medium Risk
STU2159,41.4,0,Medium Risk
STU1019,41.3,0,Medium Risk
STU2176,41.3,0,Medium Risk
STU1686,41.3,1,Medium Risk
STU2238,41.3,0,Medium Risk
STU2465,41.3,0,Medium Risk
STU2954,41.2,0,Medium Risk
STU1488,41.2,1,Medium Risk
STU1873,41.2,0,Medium Risk
STU2678,41.2,0,Medium Risk
STU2153,41.2,0,Medium Risk
STU2134,41.2,0,Medium Risk
STU1150,41.2,0,Medium Risk
STU2177,41.1,0,Medium Risk
STU1030,41.1,0,Medium Risk
STU1128,41.1,0,Medium Risk
STU1721,41.0,0,Medium Risk
STU1981,40.9,0,Medium Risk
STU2086,40.9,0,Medium Risk
STU2030,40.9,0,Medium Risk
STU2758,40.9,0,Medium Risk
STU1277,40.9,0,Medium Risk
STU2661,40.9,0,Medium Risk
STU1556,40.9,0,Medium Risk
STU2773,40.8,0,Medium Risk
STU2870,40.8,0,Medium Risk
STU1736,40.8,0,Medium Risk
STU1043,40.8,0,Medium Risk
STU1008,40.8,1,Medium Risk
STU2696,40.7,0,Medium Risk
STU1681,40.7,0,Medium Risk
STU1312,40.7,0,Medium Risk
STU1305,40.7,0,Medium Risk
STU1841,40.7,1,Medium Risk
STU2952,40.7,0,Medium Risk
STU1498,40.6,0,Medium Risk
STU2849,40.6,0,Medium Risk
STU1891,40.6,0,Medium Risk
STU2971,40.6,0,Medium Risk
STU1683,40.6,0,Medium Risk
STU2782,40.6,0,Medium Risk
STU1007,40.5,0,Medium Risk
STU2346,40.5,0,Medium Risk
STU2635,40.5,0,Medium Risk
STU2463,40.5,1,Medium Risk
STU2479,40.5,0,Medium Risk
STU2865,40.5,0,Medium Risk
STU2726,40.5,0,Medium Risk
STU1761,40.5,0,Medium Risk
STU2443,40.4,0,Medium Risk
STU1427,40.4,0,Medium Risk
STU1369,40.4,0,Medium Risk
STU2875,40.4,0,Medium Risk
STU2267,40.4,0,Medium Risk
STU1746,40.4,0,Medium Risk
STU2326,40.3,0,Medium Risk
STU1335,40.3,0,Medium Risk
STU2357,40.2,0,Medium Risk
STU1197,40.2,0,Medium Risk
STU1714,40.2,0,Medium Risk
STU2603,40.2,0,Medium Risk
STU1836,40.2,1,Medium Risk
STU2859,40.1,0,Medium Risk
STU1260,40.1,0,Medium Risk
STU2433,40.1,0,Medium Risk
STU2355,40.1,0,Medium Risk
STU1085,40.0,0,Medium Risk
STU1036,40.0,0,Medium Risk
STU2693,40.0,0,Medium Risk
STU2996,40.0,0,Medium Risk
STU1217,40.0,0,Medium Risk
STU2756,40.0,0,Medium Risk
STU2717,40.0,1,Medium Risk
STU2064,40.0,0,Medium Risk
STU1535,40.0,0,Medium Risk
STU2041,40.0,0,Medium Risk
STU2455,39.9,0,Medium Risk
STU2144,39.9,0,Medium Risk
STU2297,39.9,0,Medium Risk
STU2704,39.9,0,Medium Risk
STU2842,39.9,0,Medium Risk
STU1940,39.8,0,Medium Risk
STU1438,39.8,0,Medium Risk
STU2490,39.8,0,Medium Risk
STU1994,39.8,1,Medium Risk
STU1322,39.8,0,Medium Risk
STU2831,39.8,0,Medium Risk
STU2814,39.7,0,Medium Risk
STU1392,39.7,0,Medium Risk
STU2022,39.6,0,Medium Risk
STU1750,39.6,0,Medium Risk
STU2764,39.6,0,Medium Risk
STU2642,39.6,0,Medium Risk
STU1381,39.5,0,Medium Risk
STU1771,39.5,0,Medium Risk
STU2894,39.4,0,Medium Risk
STU1012,39.4,1,Medium Risk
STU1343,39.4,0,Medium Risk
STU1274,39.4,0,Medium Risk
STU1370,39.4,0,Medium Risk
STU1024,39.3,0,Medium Risk
STU1080,39.3,0,Medium Risk
STU1910,39.3,0,Medium Risk
STU2106,39.3,0,Medium Risk
STU2667,39.3,0,Medium Risk
STU1034,39.2,0,Medium Risk
STU1204,39.2,0,Medium Risk
STU1136,39.2,0,Medium Risk
STU1324,39.2,0,Medium Risk
STU1095,39.2,0,Medium Risk
STU2387,39.2,0,Medium Risk
STU1176,39.2,0,Medium Risk
STU1740,39.1,0,Medium Risk
STU1602,39.1,0,Medium Risk
STU1747,39.1,0,Medium Risk
STU2750,39.1,0,Medium Risk
STU2151,39.1,0,Medium Risk
STU2354,39.0,0,Medium Risk
STU2418,39.0,0,Medium Risk
STU2039,39.0,0,Medium Risk
STU2368,39.0,0,Medium Risk
STU2123,39.0,1,Medium Risk
STU1356,38.9,0,Medium Risk
STU1627,38.9,0,Medium Risk
STU1269,38.9,0,Medium Risk
STU1741,38.8,0,Medium Risk
STU1079,38.8,0,Medium Risk
STU1373,38.7,0,Medium Risk
STU2715,38.7,1,Medium Risk
STU1895,38.7,0,Medium Risk
STU1395,38.7,0,Medium Risk
STU2658,38.6,0,Medium Risk
STU1993,38.6,0,Medium Risk
STU1379,38.6,0,Medium Risk
STU1454,38.6,0,Medium Risk
STU2234,38.5,0,Medium Risk
STU1589,38.5,1,Medium Risk
STU1113,38.5,0,Medium Risk
STU1939,38.5,0,Medium Risk
STU2579,38.4,0,Medium Risk
STU1630,38.4,0,Medium Risk
STU1005,38.4,0,Medium Risk
STU1074,38.4,0,Medium Risk
STU1327,38.3,0,Medium Risk
STU2879,38.3,0,Medium Risk
STU2609,38.3,0,Medium Risk
STU2461,38.3,0,Medium Risk
STU1620,38.3,0,Medium Risk
STU2739,38.3,0,Medium Risk
STU2793,38.3,0,Medium Risk
STU2732,38.3,0,Medium Risk
STU2998,38.2,0,Medium Risk
STU1341,38.1,0,Medium Risk
STU1878,38.1,0,Medium Risk
STU2675,38.1,0,Medium Risk
STU1687,38.1,0,Medium Risk
STU2816,38.0,0,Medium Risk
STU2471,38.0,0,Medium Risk
STU2156,38.0,0,Medium Risk
STU2876,38.0,0,Medium Risk
STU1605,38.0,0,Medium Risk
STU2335,38.0,0,Medium Risk
STU1261,38.0,0,Medium Risk
STU1067,37.9,0,Medium Risk
STU1624,37.9,0,Medium Risk
STU2155,37.9,0,Medium Risk
STU2839,37.8,0,Medium Risk
STU2360,37.8,0,Medium Risk
STU2852,37.8,0,Medium Risk
STU2983,37.8,0,Medium Risk
STU1820,37.8,0,Medium Risk
STU1632,37.8,0,Medium Risk
STU2705,37.7,0,Medium Risk
STU1319,37.7,0,Medium Risk
STU2370,37.7,0,Medium Risk
STU2305,37.7,0,Medium Risk
STU2532,37.6,0,Medium Risk
STU1152,37.6,0,Medium Risk
STU2060,37.6,0,Medium Risk
STU1249,37.6,0,Medium Risk
STU2714,37.6,0,Medium Risk
STU2719,37.6,0,Medium Risk
STU1829,37.5,0,Medium Risk
STU1542,37.5,0,Medium Risk
STU1244,37.5,0,Medium Risk
STU2019,37.5,0,Medium Risk
STU2772,37.5,0,Medium Risk
STU1575,37.4,0,Medium Risk
STU1431,37.4,0,Medium Risk
STU1465,37.3,0,Medium Risk
STU2183,37.3,0,Medium Risk
STU2298,37.3,0,Medium Risk
STU2029,37.3,0,Medium Risk
STU2101,37.3,0,Medium Risk
STU2559,37.2,0,Medium Risk
STU1361,37.2,0,Medium Risk
STU2302,37.2,0,Medium Risk
STU1689,37.2,0,Medium Risk
STU1248,37.1,0,Medium Risk
STU1035,37.1,0,Medium Risk
STU1972,37.1,0,Medium Risk
STU2422,37.1,0,Medium Risk
STU1391,37.1,0,Medium Risk
STU2037,37.1,0,Medium Risk
STU2163,37.0,0,Medium Risk
STU1055,37.0,0,Medium Risk
STU2988,37.0,0,Medium Risk
STU2855,37.0,0,Medium Risk
STU2617,37.0,0,Medium Risk
STU1184,36.9,0,Medium Risk
STU2454,36.9,0,Medium Risk
STU1103,36.9,0,Medium Risk
STU1948,36.9,0,Medium Risk
STU2923,36.9,0,Medium Risk
STU1880,36.9,0,Medium Risk
STU2765,36.8,0,Medium Risk
STU1044,36.7,0,Medium Risk
STU1199,36.7,0,Medium Risk
STU2780,36.7,0,Medium Risk
STU1448,36.7,0,Medium Risk
STU1818,36.7,0,Medium Risk
STU1339,36.6,0,Medium Risk
STU1417,36.6,0,Medium Risk
STU1487,36.6,0,Medium Risk
STU1066,36.6,0,Medium Risk
STU2728,36.6,0,Medium Risk
STU1567,36.5,0,Medium Risk
STU1674,36.5,0,Medium Risk
STU2993,36.5,0,Medium Risk
STU1109,36.5,0,Medium Risk
STU2263,36.5,0,Medium Risk
STU2488,36.5,0,Medium Risk
STU1883,36.5,0,Medium Risk
STU1725,36.4,0,Medium Risk
STU2711,36.4,0,Medium Risk
STU2375,36.4,0,Medium Risk
STU2941,36.4,0,Medium Risk
STU2230,36.4,0,Medium Risk
STU2646,36.4,0,Medium Risk
STU2731,36.4,0,Medium Risk
STU1353,36.4,0,Medium Risk
STU2338,36.4,0,Medium Risk
STU1843,36.4,0,Medium Risk
STU1791,36.3,1,Medium Risk
STU1926,36.3,0,Medium Risk
STU1434,36.2,0,Medium Risk
STU1549,36.2,0,Medium Risk
STU2362,36.2,0,Medium Risk
STU2408,36.2,1,Medium Risk
STU2832,36.2,1,Medium Risk
STU2689,36.2,0,Medium Risk
STU2117,36.1,0,Medium Risk
STU1144,36.1,0,Medium Risk
STU1608,36.1,0,Medium Risk
STU2244,36.0,0,Medium Risk
STU2960,35.9,0,Medium Risk
STU1383,35.9,0,Medium Risk
STU1762,35.9,0,Medium Risk
STU2004,35.9,0,Medium Risk
STU1591,35.8,0,Medium Risk
STU2498,35.8,0,Medium Risk
STU1105,35.8,0,Medium Risk
STU1876,35.8,0,Medium Risk
STU1596,35.8,0,Medium Risk
STU2018,35.7,0,Medium Risk
STU1726,35.7,0,Medium Risk
STU1042,35.7,0,Medium Risk
STU2245,35.7,0,Medium Risk
STU2317,35.6,0,Medium Risk
STU2784,35.6,0,Medium Risk
STU2141,35.6,0,Medium Risk
STU2811,35.6,0,Medium Risk
STU1990,35.6,0,Medium Risk
STU2309,35.6,0,Medium Risk
STU1122,35.6,0,Medium Risk
STU1581,35.6,0,Medium Risk
STU1604,35.6,0,Medium Risk
STU1462,35.6,0,Medium Risk
STU2356,35.6,0,Medium Risk
STU2125,35.5,0,Medium Risk
STU2508,35.5,0,Medium Risk
STU2892,35.5,0,Medium Risk
STU1121,35.5,0,Medium Risk
STU1664,35.4,0,Medium Risk
STU2943,35.4,0,Medium Risk
STU1046,35.4,0,Medium Risk
STU1028,35.4,0,Medium Risk
STU1644,35.4,0,Medium Risk
STU1153,35.4,0,Medium Risk
STU1518,35.4,0,Medium Risk
STU1901,35.3,0,Medium Risk
STU1998,35.3,0,Medium Risk
STU2332,35.3,0,Medium Risk
STU1485,35.3,0,Medium Risk
STU1715,35.3,0,Medium Risk
STU1407,35.3,0,Medium Risk
STU1196,35.3,0,Medium Risk
STU2484,35.3,0,Medium Risk
STU2820,35.2,0,Medium Risk
STU1788,35.2,0,Medium Risk
STU1362,35.2,0,Medium Risk
STU1215,35.1,0,Medium Risk
STU1403,35.1,0,Medium Risk
STU1830,35.1,0,Medium Risk
STU1809,35.1,0,Medium Risk
STU1469,35.0,0,Medium Risk
STU2977,35.0,0,Medium Risk
STU1090,35.0,1,Medium Risk
STU2524,35.0,0,Medium Risk
STU2608,35.0,0,Medium Risk
STU2190,34.9,0,Medium Risk
STU2301,34.9,0,Medium Risk
STU2538,34.9,0,Medium Risk
STU2130,34.8,0,Medium Risk
STU2482,34.8,0,Medium Risk
STU1367,34.8,0,Medium Risk
STU1357,34.8,0,Medium Risk
STU2681,34.8,0,Medium Risk
STU2299,34.8,0,Medium Risk
STU2066,34.8,0,Medium Risk
STU2272,34.8,0,Medium Risk
STU1962,34.8,0,Medium Risk
STU2813,34.7,0,Medium Risk
STU2492,34.7,0,Medium Risk
STU1862,34.7,0,Medium Risk
STU1404,34.7,0,Medium Risk
STU2429,34.7,0,Medium Risk
STU1772,34.7,0,Medium Risk
STU1738,34.7,0,Medium Risk
STU2246,34.7,0,Medium Risk
STU2127,34.7,0,Medium Risk
STU1228,34.7,0,Medium Risk
STU2208,34.7,1,Medium Risk
STU1927,34.7,0,Medium Risk
STU1063,34.6,0,Medium Risk
STU1219,34.6,0,Medium Risk
STU1412,34.6,0,Medium Risk
STU2281,34.6,0,Medium Risk
STU1291,34.6,0,Medium Risk
STU1314,34.6,0,Medium Risk
STU1665,34.6,0,Medium Risk
STU1181,34.5,1,Medium Risk
STU1917,34.5,0,Medium Risk
STU2896,34.5,0,Medium Risk
STU1988,34.5,0,Medium Risk
STU2730,34.4,0,Medium Risk
STU2394,34.4,1,Medium Risk
STU2519,34.4,0,Medium Risk
STU1828,34.3,0,Medium Risk
STU2168,34.3,0,Medium Risk
STU2522,34.3,0,Medium Risk
STU2417,34.3,0,Medium Risk
STU2578,34.2,0,Medium Risk
STU1317,34.2,0,Medium Risk
STU2967,34.2,0,Medium Risk
STU1600,34.2,0,Medium Risk
STU1399,34.1,0,Medium Risk
STU2935,34.1,0,Medium Risk
STU2236,34.1,0,Medium Risk
STU2888,34.1,0,Medium Risk
STU1706,34.1,0,Medium Risk
STU1268,34.0,0,Medium Risk
STU2304,34.0,0,Medium Risk
STU1493,34.0,0,Medium Risk
STU1242,34.0,0,Medium Risk
STU2075,34.0,0,Medium Risk
STU1968,33.9,0,Medium Risk
STU1850,33.9,0,Medium Risk
STU1907,33.9,0,Medium Risk
STU2955,33.9,0,Medium Risk
STU2840,33.9,0,Medium Risk
STU1440,33.9,0,Medium Risk
STU2112,33.9,0,Medium Risk
STU2393,33.9,0,Medium Risk
STU2400,33.9,0,Medium Risk
STU1978,33.9,0,Medium Risk
STU2491,33.9,0,Medium Risk
STU1977,33.9,0,Medium Risk
STU1766,33.8,0,Medium Risk
STU1943,33.8,0,Medium Risk
STU2950,33.8,0,Medium Risk
STU2533,33.8,0,Medium Risk
STU1480,33.8,0,Medium Risk
STU2901,33.8,0,Medium Risk
STU1234,33.8,0,Medium Risk
STU2186,33.7,0,Medium Risk
STU1108,33.7,0,Medium Risk
STU2174,33.7,0,Medium Risk
STU2829,33.7,0,Medium Risk
STU1825,33.7,0,Medium Risk
STU1459,33.6,0,Medium Risk
STU1614,33.6,0,Medium Risk
STU1783,33.6,0,Medium Risk
STU2792,33.6,0,Medium Risk
STU2005,33.6,0,Medium Risk
STU2227,33.6,0,Medium Risk
STU1505,33.5,0,Medium Risk
STU1860,33.5,0,Medium Risk
STU1633,33.5,0,Medium Risk
STU2826,33.5,0,Medium Risk
STU2761,33.5,0,Medium Risk
STU1928,33.5,0,Medium Risk
STU1464,33.5,0,Medium Risk
STU1206,33.4,0,Medium Risk
STU2345,33.4,0,Medium Risk
STU2733,33.4,0,Medium Risk
STU2428,33.4,0,Medium Risk
STU2087,33.4,0,Medium Risk
STU1776,33.4,0,Medium Risk
STU2252,33.4,0,Medium Risk
STU1397,33.4,0,Medium Risk
STU1532,33.4,0,Medium Risk
STU2550,33.4,0,Medium Risk
STU2823,33.4,0,Medium Risk
STU1509,33.4,0,Medium Risk
STU1425,33.3,0,Medium Risk
STU2247,33.3,0,Medium Risk
STU1793,33.3,0,Medium Risk
STU1579,33.3,0,Medium Risk
STU1794,33.3,0,Medium Risk
STU2464,33.2,0,Medium Risk
STU1135,33.2,0,Medium Risk
STU2583,33.2,0,Medium Risk
STU1190,33.2,0,Medium Risk
STU1733,33.2,0,Medium Risk
STU1188,33.1,0,Medium Risk
STU2783,33.1,0,Medium Risk
STU2766,33.0,0,Medium Risk
STU2315,33.0,0,Medium Risk
STU1313,33.0,0,Medium Risk
STU2327,33.0,0,Medium Risk
STU1806,33.0,0,Medium Risk
STU2769,33.0,0,Medium Risk
STU1966,32.9,0,Medium Risk
STU2450,32.9,0,Medium Risk
STU2586,32.9,0,Medium Risk
STU1965,32.9,0,Medium Risk
STU2847,32.9,0,Medium Risk
STU2707,32.9,0,Medium Risk
STU1224,32.8,0,Medium Risk
STU2740,32.8,0,Medium Risk
STU1570,32.8,0,Medium Risk
STU2044,32.8,0,Medium Risk
STU1554,32.7,0,Medium Risk
STU1257,32.7,0,Medium Risk
STU1455,32.7,0,Medium Risk
STU1237,32.7,0,Medium Risk
STU2296,32.7,0,Medium Risk
STU1218,32.7,0,Medium Risk
STU1414,32.7,0,Medium Risk
STU2164,32.7,0,Medium Risk
STU1543,32.7,0,Medium Risk
STU2328,32.6,0,Medium Risk
STU1967,32.6,0,Medium Risk
STU1516,32.6,0,Medium Risk
STU2078,32.6,0,Medium Risk
STU1443,32.6,0,Medium Risk
STU1849,32.5,0,Medium Risk
STU2097,32.5,0,Medium Risk
STU2273,32.5,0,Medium Risk
STU1145,32.5,0,Medium Risk
STU2226,32.5,0,Medium Risk
STU2241,32.5,0,Medium Risk
STU2126,32.5,0,Medium Risk
STU2235,32.5,0,Medium Risk
STU1587,32.4,0,Medium Risk
STU1641,32.4,0,Medium Risk
STU2856,32.4,0,Medium Risk
STU1572,32.4,0,Medium Risk
STU1154,32.4,0,Medium Risk
STU2801,32.4,0,Medium Risk
STU2871,32.3,0,Medium Risk
STU2095,32.3,0,Medium Risk
STU1236,32.3,0,Medium Risk
STU2933,32.3,0,Medium Risk
STU2638,32.3,0,Medium Risk
STU1364,32.3,0,Medium Risk
STU1396,32.2,0,Medium Risk
STU1690,32.2,0,Medium Risk
STU2274,32.2,0,Medium Risk
STU1279,32.2,0,Medium Risk
STU2426,32.1,0,Medium Risk
STU1735,32.1,0,Medium Risk
STU1700,32.1,0,Medium Risk
STU1299,32.1,0,Medium Risk
STU2143,32.0,0,Medium Risk
STU1865,32.0,0,Medium Risk
STU1637,32.0,0,Medium Risk
STU1539,32.0,0,Medium Risk
STU1698,32.0,0,Medium Risk
STU1834,32.0,0,Medium Risk
STU1854,32.0,0,Medium Risk
STU2065,32.0,0,Medium Risk
STU1111,31.9,0,Medium Risk
STU2889,31.9,0,Medium Risk
STU2091,31.9,0,Medium Risk
STU2962,31.9,0,Medium Risk
STU1765,31.8,0,Medium Risk
STU2944,31.8,0,Medium Risk
STU2456,31.8,0,Medium Risk
STU1088,31.8,0,Medium Risk
STU2774,31.7,0,Medium Risk
STU1423,31.7,0,Medium Risk
STU1812,31.7,0,Medium Risk
STU1553,31.7,0,Medium Risk
STU1696,31.7,0,Medium Risk
STU2485,31.7,0,Medium Risk
STU1110,31.7,0,Medium Risk
STU2099,31.6,0,Medium Risk
STU1569,31.6,0,Medium Risk
STU1069,31.6,0,Medium Risk
STU1468,31.6,0,Medium Risk
STU1123,31.6,0,Medium Risk
STU2702,31.5,0,Medium Risk
STU1054,31.5,0,Medium Risk
STU1728,31.5,0,Medium Risk
STU2639,31.5,0,Medium Risk
STU1202,31.5,0,Medium Risk
STU2216,31.4,0,Medium Risk
STU2986,31.4,0,Medium Risk
STU2025,31.4,0,Medium Risk
STU1802,31.3,0,Medium Risk
STU1902,31.3,1,Medium Risk
STU2240,31.2,0,Medium Risk
STU1239,31.2,1,Medium Risk
STU1663,31.2,0,Medium Risk
STU1337,31.2,0,Medium Risk
STU1216,31.2,0,Medium Risk
STU1611,31.2,0,Medium Risk
STU2545,31.2,0,Medium Risk
STU2472,31.2,0,Medium Risk
STU2637,31.2,0,Medium Risk
STU2361,31.2,0,Medium Risk
STU1520,31.1,0,Medium Risk
STU2893,31.1,0,Medium Risk
STU1688,31.1,0,Medium Risk
STU1450,31.1,0,Medium Risk
STU1273,31.1,0,Medium Risk
STU2556,31.0,0,Medium Risk
STU1386,31.0,0,Medium Risk
STU2723,31.0,0,Medium Risk
STU2884,31.0,0,Medium Risk
STU2664,31.0,0,Medium Risk
STU1000,31.0,0,Medium Risk
STU2142,30.9,0,Medium Risk
STU2699,30.9,0,Medium Risk
STU1770,30.9,0,Medium Risk
STU2407,30.9,0,Medium Risk
STU2068,30.8,0,Medium Risk
STU2613,30.8,0,Medium Risk
STU2920,30.8,0,Medium Risk
STU2359,30.8,0,Medium Risk
STU1232,30.8,0,Medium Risk
STU2431,30.8,0,Medium Risk
STU2200,30.8,0,Medium Risk
STU2386,30.8,0,Medium Risk
STU1258,30.7,0,Medium Risk
STU2828,30.7,0,Medium Risk
STU1916,30.7,0,Medium Risk
STU1822,30.7,0,Medium Risk
STU1923,30.7,0,Medium Risk
STU1866,30.7,0,Medium Risk
STU2837,30.7,0,Medium Risk
STU2310,30.7,0,Medium Risk
STU1264,30.7,0,Medium Risk
STU2805,30.7,0,Medium Risk
STU1116,30.6,0,Medium Risk
STU2598,30.6,0,Medium Risk
STU1503,30.6,0,Medium Risk
STU2501,30.6,0,Medium Risk
STU2863,30.6,0,Medium Risk
STU1310,30.6,0,Medium Risk
STU2217,30.5,0,Medium Risk
STU1996,30.5,0,Medium Risk
STU1251,30.5,0,Medium Risk
STU2992,30.5,0,Medium Risk
STU2444,30.5,0,Medium Risk
STU2547,30.4,0,Medium Risk
STU1169,30.4,0,Medium Risk
STU2931,30.4,0,Medium Risk
STU2421,30.4,0,Medium Risk
STU2341,30.4,0,Medium Risk
STU2877,30.3,0,Medium Risk
STU1315,30.3,0,Medium Risk
STU2383,30.3,0,Medium Risk
STU2706,30.3,0,Medium Risk
STU2403,30.3,0,Medium Risk
STU2587,30.3,0,Medium Risk
STU2612,30.3,0,Medium Risk
STU2566,30.3,0,Medium Risk
STU1779,30.3,0,Medium Risk
STU2435,30.3,0,Medium Risk
STU2337,30.2,0,Medium Risk
STU2460,30.2,0,Medium Risk
STU2434,30.2,0,Medium Risk
STU2470,30.2,0,Medium Risk
STU1413,30.2,0,Medium Risk
STU2260,30.2,0,Medium Risk
STU2056,30.2,0,Medium Risk
STU1837,30.2,0,Medium Risk
STU2788,30.1,0,Medium Risk
STU2867,30.1,0,Medium Risk
STU2924,30.1,0,Medium Risk
STU1702,30.1,0,Medium Risk
STU2412,30.1,0,Medium Risk
STU2754,30.0,0,Medium Risk
STU2411,30.0,0,Medium Risk
STU2602,30.0,0,Medium Risk
STU2199,30.0,0,Medium Risk
STU1238,30.0,0,Medium Risk
STU1418,30.0,0,Medium Risk
STU2178,29.9,0,Low Risk
STU1997,29.9,0,Low Risk
STU1908,29.9,0,Low Risk
STU1912,29.9,0,Low Risk
STU2883,29.9,0,Low Risk
STU1525,29.9,0,Low Risk
STU1672,29.9,0,Low Risk
STU2319,29.9,0,Low Risk
STU1890,29.8,0,Low Risk
STU1255,29.8,0,Low Risk
STU2232,29.8,0,Low Risk
STU2275,29.8,0,Low Risk
STU2833,29.7,1,Low Risk
STU2015,29.7,0,Low Risk
STU1010,29.7,0,Low Risk
STU2691,29.7,0,Low Risk
STU1708,29.7,0,Low Risk
STU1050,29.7,0,Low Risk
STU2520,29.6,0,Low Risk
STU1149,29.6,0,Low Risk
STU1593,29.6,0,Low Risk
STU1950,29.6,0,Low Risk
STU1060,29.6,0,Low Risk
STU1727,29.6,0,Low Risk
STU1861,29.5,0,Low Risk
STU2575,29.5,0,Low Risk
STU1162,29.5,0,Low Risk
STU1751,29.5,0,Low Risk
STU2000,29.5,0,Low Risk
STU2096,29.4,0,Low Risk
STU2104,29.4,0,Low Risk
STU1167,29.4,0,Low Risk
STU2576,29.4,0,Low Risk
STU1957,29.4,0,Low Risk
STU2779,29.4,0,Low Risk
STU1941,29.4,0,Low Risk
STU1823,29.4,0,Low Risk
STU2975,29.3,0,Low Risk
STU1192,29.3,0,Low Risk
STU1210,29.3,0,Low Risk
STU1068,29.3,0,Low Risk
STU1078,29.3,0,Low Risk
STU2946,29.3,0,Low Risk
STU2561,29.3,0,Low Risk
STU1739,29.3,0,Low Risk
STU2672,29.3,0,Low Risk
STU2755,29.3,0,Low Risk
STU1764,29.2,0,Low Risk
STU1995,29.2,0,Low Risk
STU1824,29.2,0,Low Risk
STU2742,29.2,0,Low Risk
STU1961,29.2,0,Low Risk
STU2507,29.2,0,Low Risk
STU2047,29.2,0,Low Risk
STU1562,29.1,0,Low Risk
STU2477,29.0,0,Low Risk
STU2353,29.0,0,Low Risk
STU2306,29.0,0,Low Risk
STU2537,29.0,0,Low Risk
STU1456,29.0,0,Low Risk
STU2687,29.0,0,Low Risk
STU1015,28.9,0,Low Risk
STU1173,28.9,0,Low Risk
STU1647,28.9,0,Low Risk
STU1338,28.8,1,Low Risk
STU1889,28.8,0,Low Risk
STU1272,28.8,0,Low Risk
STU2600,28.8,0,Low Risk
STU2292,28.8,0,Low Risk
STU1366,28.7,0,Low Risk
STU2546,28.7,1,Low Risk
STU2563,28.7,0,Low Risk
STU2323,28.7,0,Low Risk
STU1597,28.7,0,Low Risk
STU2748,28.7,0,Low Risk
STU1096,28.6,0,Low Risk
STU2182,28.6,0,Low Risk
STU2073,28.6,0,Low Risk
STU1576,28.6,0,Low Risk
STU1278,28.6,0,Low Risk
STU1983,28.6,0,Low Risk
STU1449,28.6,0,Low Risk
STU2036,28.6,0,Low Risk
STU2347,28.5,0,Low Risk
STU2495,28.5,0,Low Risk
STU1986,28.5,0,Low Risk
STU2628,28.5,0,Low Risk
STU1879,28.5,0,Low Risk
STU1048,28.5,0,Low Risk
STU1119,28.5,0,Low Risk
STU2189,28.5,0,Low Risk
STU1691,28.5,0,Low Risk
STU2333,28.4,0,Low Risk
STU2195,28.4,0,Low Risk
STU1075,28.4,0,Low Risk
STU2987,28.4,0,Low Risk
STU2497,28.4,0,Low Risk
STU1713,28.3,0,Low Risk
STU1949,28.3,0,Low Risk
STU2629,28.3,0,Low Risk
STU1699,28.3,0,Low Risk
STU2903,28.3,0,Low Risk
STU2436,28.3,0,Low Risk
STU1106,28.2,0,Low Risk
STU1039,28.2,0,Low Risk
STU1533,28.2,0,Low Risk
STU1519,28.2,0,Low Risk
STU2503,28.2,0,Low Risk
STU2932,28.2,0,Low Risk
STU1198,28.1,0,Low Risk
STU2873,28.1,0,Low Risk
STU2614,28.1,0,Low Risk
STU1489,28.1,0,Low Risk
STU1801,28.0,0,Low Risk
STU1207,28.0,0,Low Risk
STU1724,28.0,0,Low Risk
STU1874,28.0,0,Low Risk
STU2995,28.0,1,Low Risk
STU1276,28.0,0,Low Risk
STU2115,27.9,0,Low Risk
STU2395,27.9,0,Low Risk
STU2313,27.9,0,Low Risk
STU2277,27.9,0,Low Risk
STU1524,27.8,0,Low Risk
STU2584,27.8,0,Low Risk
STU2567,27.8,0,Low Risk
STU1551,27.8,0,Low Risk
STU2574,27.7,0,Low Risk
STU2481,27.7,0,Low Risk
STU1540,27.7,1,Low Risk
STU2476,27.7,0,Low Risk
STU2409,27.7,0,Low Risk
STU1959,27.7,0,Low Risk
STU2017,27.7,0,Low Risk
STU1285,27.6,0,Low Risk
STU1737,27.6,0,Low Risk
STU1385,27.6,0,Low Risk
STU2438,27.6,0,Low Risk
STU1723,27.6,0,Low Risk
STU2734,27.6,0,Low Risk
STU2279,27.6,0,Low Risk
STU1311,27.5,0,Low Risk
STU1151,27.5,0,Low Risk
STU1677,27.5,0,Low Risk
STU2777,27.4,0,Low Risk
STU2963,27.4,0,Low Risk
STU1759,27.4,0,Low Risk
STU2053,27.4,0,Low Risk
STU2530,27.4,0,Low Risk
STU2181,27.4,0,Low Risk
STU2027,27.4,0,Low Risk
STU1769,27.4,1,Low Risk
STU1045,27.4,0,Low Risk
STU1877,27.3,0,Low Risk
STU1040,27.3,0,Low Risk
STU1056,27.3,0,Low Risk
STU1231,27.2,0,Low Risk
STU1003,27.2,0,Low Risk
STU2447,27.2,0,Low Risk
STU1616,27.2,0,Low Risk
STU1131,27.1,0,Low Risk
STU1729,27.1,0,Low Risk
STU1669,27.1,0,Low Risk
STU2237,27.1,0,Low Risk
STU1159,27.1,0,Low Risk
STU2857,27.1,0,Low Risk
STU2606,27.1,0,Low Risk
STU1571,27.0,0,Low Risk
STU1528,27.0,0,Low Risk
STU1954,27.0,0,Low Risk
STU2534,27.0,0,Low Risk
STU1652,27.0,0,Low Risk
STU2026,27.0,1,Low Risk
STU1345,27.0,0,Low Risk
STU1476,26.9,0,Low Risk
STU2860,26.9,0,Low Risk
STU1888,26.9,0,Low Risk
STU1921,26.9,0,Low Risk
STU2577,26.9,0,Low Risk
STU2555,26.9,0,Low Risk
STU1031,26.9,0,Low Risk
STU2905,26.9,0,Low Risk
STU2611,26.9,0,Low Risk
STU1286,26.9,0,Low Risk
STU2902,26.8,0,Low Risk
STU2331,26.8,0,Low Risk
STU2965,26.8,0,Low Risk
STU2615,26.8,0,Low Risk
STU1320,26.7,0,Low Risk
STU1076,26.7,0,Low Risk
STU2827,26.7,0,Low Risk
STU1588,26.7,0,Low Risk
STU1656,26.7,0,Low Risk
STU2139,26.7,0,Low Risk
STU1318,26.6,0,Low Risk
STU2020,26.6,0,Low Risk
STU1720,26.6,0,Low Risk
STU1552,26.6,0,Low Risk
STU2725,26.6,0,Low Risk
STU1422,26.6,0,Low Risk
STU2502,26.6,0,Low Risk
STU1368,26.6,0,Low Risk
STU2270,26.5,0,Low Risk
STU1932,26.5,0,Low Risk
STU2500,26.5,0,Low Risk
STU2695,26.4,0,Low Risk
STU2618,26.4,0,Low Risk
STU1332,26.4,0,Low Risk
STU2558,26.4,0,Low Risk
STU1009,26.4,0,Low Risk
STU2848,26.3,0,Low Risk
STU1374,26.3,0,Low Risk
STU2724,26.3,0,Low Risk
STU1712,26.3,0,Low Risk
STU2685,26.3,0,Low Risk
STU1087,26.2,0,Low Risk
STU1460,26.2,0,Low Risk
STU2049,26.2,0,Low Risk
STU1666,26.2,0,Low Risk
STU1027,26.2,0,Low Risk
STU2136,26.2,0,Low Risk
STU1241,26.1,0,Low Risk
STU2904,26.1,0,Low Risk
STU2569,26.1,0,Low Risk
STU1774,26.1,0,Low Risk
STU1511,26.1,0,Low Risk
STU1617,26.1,0,Low Risk
STU2340,26.1,0,Low Risk
STU1622,26.1,0,Low Risk
STU2124,26.0,0,Low Risk
STU2708,25.9,0,Low Risk
STU1680,25.9,0,Low Risk
STU2710,25.9,0,Low Risk
STU1707,25.9,0,Low Risk
STU2738,25.9,0,Low Risk
STU2118,25.9,0,Low Risk
STU2449,25.9,0,Low Risk
STU1786,25.9,0,Low Risk
STU2709,25.9,0,Low Risk
STU1979,25.8,0,Low Risk
STU1041,25.8,0,Low Risk
STU2250,25.8,0,Low Risk
STU1510,25.8,0,Low Risk
STU1657,25.7,0,Low Risk
STU1911,25.7,0,Low Risk
STU1929,25.7,0,Low Risk
STU2800,25.7,0,Low Risk
STU2641,25.7,0,Low Risk
STU2430,25.7,0,Low Risk
STU2670,25.6,0,Low Risk
STU1061,25.6,0,Low Risk
STU1059,25.6,0,Low Risk
STU1243,25.6,0,Low Risk
STU2415,25.5,0,Low Risk
STU2374,25.5,0,Low Risk
STU2652,25.5,0,Low Risk
STU2098,25.5,0,Low Risk
STU1394,25.5,0,Low Risk
STU1351,25.5,0,Low Risk
STU1697,25.4,0,Low Risk
STU1157,25.4,0,Low Risk
STU2410,25.3,0,Low Risk
STU1118,25.3,0,Low Risk
STU1306,25.3,0,Low Risk
STU2381,25.3,0,Low Risk
STU1598,25.3,0,Low Risk
STU1796,25.3,0,Low Risk
STU1253,25.2,0,Low Risk
STU1980,25.2,0,Low Risk
STU2927,25.2,0,Low Risk
STU2457,25.2,0,Low Risk
STU2420,25.2,0,Low Risk
STU2798,25.2,0,Low Risk
STU1884,25.2,0,Low Risk
STU1643,25.1,0,Low Risk
STU1855,25.1,0,Low Risk
STU1483,25.1,0,Low Risk
STU2589,25.1,0,Low Risk
STU2548,25.1,0,Low Risk
STU1093,25.1,0,Low Risk
STU2023,25.0,0,Low Risk
STU2129,25.0,0,Low Risk
STU1321,25.0,0,Low Risk
STU1744,25.0,0,Low Risk
STU1521,25.0,0,Low Risk
STU2908,24.9,1,Low Risk
STU2974,24.9,0,Low Risk
STU2052,24.9,0,Low Risk
STU1287,24.8,0,Low Risk
STU2991,24.7,0,Low Risk
STU2103,24.7,0,Low Risk
STU2042,24.7,0,Low Risk
STU2690,24.6,0,Low Risk
STU1501,24.6,0,Low Risk
STU1660,24.6,0,Low Risk
STU1819,24.6,0,Low Risk
STU2187,24.6,0,Low Risk
STU1679,24.6,0,Low Risk
STU2909,24.6,0,Low Risk
STU2180,24.6,0,Low Risk
STU2918,24.6,0,Low Risk
STU1451,24.5,0,Low Risk
STU2872,24.5,0,Low Risk
STU2703,24.5,0,Low Risk
STU2024,24.5,0,Low Risk
STU2069,24.4,0,Low Risk
STU2634,24.4,0,Low Risk
STU2851,24.4,0,Low Risk
STU2074,24.4,0,Low Risk
STU2398,24.4,0,Low Risk
STU2518,24.4,0,Low Risk
STU2835,24.4,0,Low Risk
STU2072,24.4,0,Low Risk
STU2133,24.3,0,Low Risk
STU1667,24.3,0,Low Risk
STU2011,24.3,0,Low Risk
STU1871,24.3,0,Low Risk
STU2276,24.3,0,Low Risk
STU2509,24.3,0,Low Risk
STU1934,24.3,0,Low Risk
STU2084,24.3,0,Low Risk
STU2150,24.3,0,Low Risk
STU1259,24.3,0,Low Risk
STU1795,24.2,0,Low Risk
STU1594,24.2,0,Low Risk
STU1284,24.2,0,Low Risk
STU2701,24.2,0,Low Risk
STU1563,24.2,0,Low Risk
STU2158,24.2,0,Low Risk
STU2866,24.2,0,Low Risk
STU2067,24.1,0,Low Risk
STU2071,24.1,0,Low Risk
STU2746,24.1,0,Low Risk
STU1945,24.1,0,Low Risk
STU1985,24.0,0,Low Risk
STU2061,24.0,0,Low Risk
STU2531,23.9,0,Low Risk
STU2010,23.9,0,Low Risk
STU1393,23.9,0,Low Risk
STU1115,23.9,0,Low Risk
STU2525,23.9,0,Low Risk
STU2806,23.9,0,Low Risk
STU2929,23.8,1,Low Risk
STU2033,23.8,0,Low Risk
STU2225,23.8,0,Low Risk
STU1662,23.8,0,Low Risk
STU2767,23.8,0,Low Risk
STU2939,23.8,0,Low Risk
STU1773,23.8,1,Low Risk
STU2921,23.8,0,Low Risk
STU1999,23.8,0,Low Risk
STU2597,23.7,0,Low Risk
STU2625,23.7,0,Low Risk
STU2203,23.7,0,Low Risk
STU1177,23.6,0,Low Risk
STU2198,23.6,0,Low Risk
STU2942,23.6,0,Low Risk
STU2751,23.6,0,Low Risk
STU1625,23.6,0,Low Risk
STU2448,23.5,0,Low Risk
STU2334,23.5,0,Low Risk
STU1302,23.5,0,Low Risk
STU2307,23.4,0,Low Risk
STU2940,23.4,0,Low Risk
STU1817,23.4,0,Low Risk
STU1508,23.4,0,Low Risk
STU2745,23.4,0,Low Risk
STU1477,23.4,0,Low Risk
STU2913,23.4,0,Low Risk
STU2957,23.4,0,Low Risk
STU2564,23.4,0,Low Risk
STU1183,23.4,0,Low Risk
STU2743,23.4,0,Low Risk
STU2312,23.3,0,Low Risk
STU2080,23.3,0,Low Risk
STU1461,23.3,0,Low Risk
STU2167,23.3,0,Low Risk
STU1853,23.2,0,Low Risk
STU1645,23.2,0,Low Risk
STU2749,23.2,1,Low Risk
STU1784,23.2,0,Low Risk
STU2294,23.2,0,Low Risk
STU2968,23.1,0,Low Risk
STU2593,23.1,0,Low Risk
STU2948,23.1,0,Low Risk
STU1582,23.0,0,Low Risk
STU2161,23.0,0,Low Risk
STU2219,23.0,0,Low Risk
STU1057,22.9,0,Low Risk
STU1859,22.9,0,Low Risk
STU2172,22.9,0,Low Risk
STU1091,22.9,0,Low Risk
STU2222,22.8,0,Low Risk
STU2970,22.8,0,Low Risk
STU2308,22.7,0,Low Risk
STU1953,22.7,0,Low Risk
STU1584,22.7,0,Low Risk
STU2493,22.7,0,Low Risk
STU2006,22.7,0,Low Risk
STU2223,22.7,0,Low Risk
STU1650,22.7,0,Low Risk
STU1963,22.6,0,Low Risk
STU2582,22.6,0,Low Risk
STU2122,22.6,0,Low Risk
STU1308,22.6,0,Low Risk
STU2760,22.6,0,Low Risk
STU1785,22.5,0,Low Risk
STU1500,22.5,0,Low Risk
STU2054,22.5,0,Low Risk
STU2911,22.5,0,Low Risk
STU1835,22.5,0,Low Risk
STU2382,22.5,0,Low Risk
STU2392,22.5,0,Low Risk
STU1590,22.4,0,Low Risk
STU1474,22.4,0,Low Risk
STU1732,22.4,0,Low Risk
STU2109,22.4,0,Low Risk
STU2051,22.4,0,Low Risk
STU1179,22.4,0,Low Risk
STU1334,22.3,0,Low Risk
STU2580,22.3,0,Low Risk
STU1065,22.3,0,Low Risk
STU1619,22.3,0,Low Risk
STU1717,22.2,0,Low Risk
STU2720,22.2,0,Low Risk
STU2239,22.2,0,Low Risk
STU1924,22.2,0,Low Risk
STU1893,22.1,0,Low Risk
STU1235,22.1,0,Low Risk
STU2895,22.1,0,Low Risk
STU2377,22.1,0,Low Risk
STU1094,22.1,0,Low Risk
STU2668,22.1,0,Low Risk
STU1143,22.1,1,Low Risk
STU1612,22.1,0,Low Risk
STU1609,22.0,0,Low Risk
STU1047,22.0,0,Low Risk
STU1133,22.0,0,Low Risk
STU1800,22.0,0,Low Risk
STU1541,22.0,0,Low Risk
STU2140,22.0,0,Low Risk
STU2349,21.9,0,Low Risk
STU2869,21.9,0,Low Risk
STU2432,21.9,0,Low Risk
STU1863,21.9,0,Low Risk
STU1931,21.9,0,Low Risk
STU2771,21.9,0,Low Risk
STU1441,21.8,0,Low Risk
STU1894,21.7,0,Low Risk
STU1164,21.7,0,Low Risk
STU1851,21.6,0,Low Risk
STU1693,21.6,0,Low Risk
STU2007,21.6,0,Low Risk
STU2173,21.6,0,Low Risk
STU1958,21.6,0,Low Risk
STU1070,21.5,0,Low Risk
STU2809,21.5,1,Low Risk
STU1330,21.5,0,Low Risk
STU1887,21.4,0,Low Risk
STU1002,21.3,0,Low Risk
STU1421,21.3,0,Low Risk
STU2862,21.3,0,Low Risk
STU1140,21.3,0,Low Risk
STU2747,21.3,0,Low Risk
STU1020,21.2,0,Low Risk
STU1580,21.2,0,Low Risk
STU2671,21.2,0,Low Risk
STU2322,21.2,0,Low Risk
STU1964,21.2,0,Low Risk
STU1209,21.2,0,Low Risk
STU2514,21.2,0,Low Risk
STU1342,21.1,0,Low Risk
STU2188,21.1,0,Low Risk
STU2934,21.0,0,Low Risk
STU2293,21.0,0,Low Risk
STU1640,21.0,0,Low Risk
STU1470,21.0,0,Low Risk
STU1568,20.9,0,Low Risk
STU2253,20.9,0,Low Risk
STU2209,20.9,0,Low Risk
STU1560,20.8,0,Low Risk
STU2890,20.8,0,Low Risk
STU2062,20.8,0,Low Risk
STU1082,20.8,0,Low Risk
STU1129,20.8,0,Low Risk
STU2380,20.8,0,Low Risk
STU2001,20.8,0,Low Risk
STU1942,20.8,0,Low Risk
STU2891,20.7,0,Low Risk
STU2898,20.7,0,Low Risk
STU1523,20.7,0,Low Risk
STU2343,20.7,0,Low Risk
STU1137,20.6,0,Low Risk
STU1148,20.6,0,Low Risk
STU2496,20.6,0,Low Risk
STU1200,20.6,0,Low Risk
STU2102,20.6,0,Low Risk
STU2592,20.5,0,Low Risk
STU2718,20.4,0,Low Risk
STU1073,20.4,0,Low Risk
STU1821,20.4,0,Low Risk
STU1918,20.4,0,Low Risk
STU2549,20.3,0,Low Risk
STU1377,20.3,0,Low Risk
STU1538,20.2,0,Low Risk
STU1298,20.2,0,Low Risk
STU1252,20.2,0,Low Risk
STU2619,20.2,0,Low Risk
STU2688,20.2,0,Low Risk
STU1564,20.1,0,Low Risk
STU1709,20.1,0,Low Risk
STU2038,20.1,0,Low Risk
STU2517,20.1,0,Low Risk
STU2451,20.0,0,Low Risk
STU2254,20.0,1,Low Risk
STU2757,20.0,0,Low Risk
STU1559,20.0,0,Low Risk
STU1032,19.9,0,Low Risk
STU2541,19.9,0,Low Risk
STU2012,19.8,0,Low Risk
STU1956,19.8,0,Low Risk
STU2721,19.7,0,Low Risk
STU1388,19.7,0,Low Risk
STU2698,19.7,0,Low Risk
STU1409,19.6,0,Low Risk
STU2885,19.6,0,Low Risk
STU1869,19.5,0,Low Risk
STU2256,19.5,0,Low Risk
STU1826,19.5,0,Low Risk
STU1211,19.4,0,Low Risk
STU2094,19.4,0,Low Risk
STU1858,19.4,0,Low Risk
STU2121,19.3,0,Low Risk
STU1897,19.3,0,Low Risk
STU1530,19.2,0,Low Risk
STU2128,19.2,0,Low Risk
STU1734,19.2,0,Low Risk
STU2083,19.2,0,Low Risk
STU1168,19.1,0,Low Risk
STU1586,19.1,0,Low Risk
STU1875,19.1,0,Low Risk
STU2527,19.0,0,Low Risk
STU1107,19.0,0,Low Risk
STU2111,18.9,0,Low Risk
STU1225,18.9,0,Low Risk
STU2048,18.9,0,Low Risk
STU2633,18.9,0,Low Risk
STU2402,18.8,0,Low Risk
STU1631,18.8,0,Low Risk
STU2135,18.8,0,Low Risk
STU1316,18.8,0,Low Risk
STU1955,18.8,0,Low Risk
STU1408,18.7,0,Low Risk
STU1814,18.7,0,Low Risk
STU2404,18.6,0,Low Risk
STU1445,18.6,0,Low Risk
STU1792,18.6,0,Low Risk
STU1178,18.6,0,Low Risk
STU2157,18.5,0,Low Risk
STU1304,18.5,0,Low Risk
STU1989,18.5,0,Low Risk
STU1574,18.5,0,Low Risk
STU1651,18.5,0,Low Risk
STU2830,18.5,0,Low Risk
STU2535,18.5,0,Low Risk
STU2480,18.5,0,Low Risk
STU1387,18.5,0,Low Risk
STU1847,18.4,0,Low Risk
STU2700,18.4,0,Low Risk
STU2339,18.4,0,Low Risk
STU2506,18.4,0,Low Risk
STU2900,18.4,0,Low Risk
STU1125,18.4,0,Low Risk
STU1705,18.4,0,Low Risk
STU2119,18.3,0,Low Risk
STU2224,18.2,0,Low Risk
STU2057,18.2,0,Low Risk
STU2713,18.1,0,Low Risk
STU2251,18.0,0,Low Risk
STU1987,18.0,0,Low Risk
STU2881,17.9,0,Low Risk
STU1629,17.9,0,Low Risk
STU1881,17.9,0,Low Risk
STU2221,17.8,0,Low Risk
STU1296,17.8,0,Low Risk
STU2116,17.7,0,Low Risk
STU2959,17.7,0,Low Risk
STU1191,17.7,0,Low Risk
STU2789,17.7,0,Low Risk
STU1930,17.7,0,Low Risk
STU2647,17.6,0,Low Risk
STU2469,17.6,0,Low Risk
STU2204,17.6,0,Low Risk
STU2330,17.6,0,Low Risk
STU1670,17.6,0,Low Risk
STU2384,17.5,0,Low Risk
STU2536,17.5,0,Low Risk
STU1323,17.5,0,Low Risk
STU2858,17.5,0,Low Risk
STU1297,17.4,0,Low Risk
STU1064,17.4,0,Low Risk
STU1845,17.4,0,Low Risk
STU1951,17.4,0,Low Risk
STU2324,17.3,0,Low Risk
STU2008,17.3,0,Low Risk
STU2364,17.2,0,Low Risk
STU2972,17.1,0,Low Risk
STU2627,17.1,0,Low Risk
STU1175,17.1,0,Low Risk
STU2093,17.1,1,Low Risk
STU1623,17.0,0,Low Risk
STU2958,16.9,0,Low Risk
STU1701,16.8,0,Low Risk
STU1976,16.8,0,Low Risk
STU2803,16.8,0,Low Risk
STU1363,16.7,0,Low Risk
STU1780,16.7,0,Low Risk
STU1466,16.7,0,Low Risk
STU2352,16.6,0,Low Risk
STU1467,16.5,0,Low Risk
STU1577,16.5,0,Low Risk
STU2499,16.4,0,Low Risk
STU2961,16.4,0,Low Risk
STU1433,16.4,0,Low Risk
STU1428,16.4,0,Low Risk
STU2213,16.4,0,Low Risk
STU2494,16.4,0,Low Risk
STU2897,16.3,0,Low Risk
STU1682,16.3,0,Low Risk
STU2032,16.2,0,Low Risk
STU1114,16.2,0,Low Risk
STU1282,16.2,0,Low Risk
STU1071,16.1,0,Low Risk
STU1767,16.1,0,Low Risk
STU1495,16.1,0,Low Risk
STU1603,16.0,0,Low Risk
STU2452,16.0,0,Low Risk
STU1275,15.8,0,Low Risk
STU2581,15.8,0,Low Risk
STU1636,15.8,0,Low Risk
STU2607,15.7,0,Low Risk
STU2369,15.7,0,Low Risk
STU1892,15.6,0,Low Risk
STU2686,15.6,0,Low Risk
STU1913,15.5,0,Low Risk
STU2990,15.5,0,Low Risk
STU2233,15.4,0,Low Risk
STU2727,15.4,0,Low Risk
STU1583,15.4,0,Low Risk
STU1256,15.3,0,Low Risk
STU2770,15.3,0,Low Risk
STU1127,14.8,0,Low Risk
STU1915,14.7,0,Low Risk
STU1270,14.7,0,Low Risk
STU1226,14.7,0,Low Risk
STU1479,14.4,0,Low Risk
STU1120,14.2,0,Low Risk
STU2035,14.1,0,Low Risk
STU2040,14.1,0,Low Risk
STU1365,14.0,0,Low Risk
STU1352,14.0,0,Low Risk
STU2938,13.8,0,Low Risk
STU2290,13.6,0,Low Risk
STU1621,13.6,0,Low Risk
STU2283,13.6,0,Low Risk
STU2984,13.5,0,Low Risk
STU1649,13.0,0,Low Risk
STU2171,12.9,0,Low Risk
STU1944,12.8,0,Low Risk
STU2846,12.8,0,Low Risk
STU2692,12.7,0,Low Risk
STU1920,12.3,0,Low Risk
STU1808,12.2,0,Low Risk
STU1816,12.1,0,Low Risk
STU1212,11.3,0,Low Risk
STU2311,11.1,0,Low Risk
STU1561,11.0,0,Low Risk
STU2215,11.0,0,Low Risk
STU2912,10.5,0,Low Risk
STU1655,10.3,0,Low Risk
STU1328,10.3,0,Low Risk
STU1141,10.3,0,Low Risk
STU1610,9.7,0,Low Risk
STU2648,8.8,0,Low Risk
STU2624,8.1,0,Low Risk
